order_id,product_category,quantity,unit_price,discount_pct,customer_age,total_amount
1,grocery,1,24.39,8.1,38.0,22.41
2,clothing,7,45.55,1.9,37.0,312.79
3,electronics,9,51.8,4.9,40.0,443.36
4,furniture,7,160.33,19.3,47.0,905.7
5,furniture,6,489.56,16.1,68.0,2464.45
6,clothing,4,401.16,0.9,56.0,1590.2
7,grocery,7,41.79,18.4,46.0,238.7
8,grocery,9,432.05,5.5,42.0,3674.59
9,clothing,8,76.65,,46.0,496.08
10,electronics,7,215.16,25.6,63.0,1120.55
11,grocery,7,318.44,6.2,51.0,2090.88
12,furniture,9,292.44,0.7,43.0,2613.54
13,electronics,2,458.35,6.7,36.0,855.28
14,furniture,1,452.68,18.1,48.0,370.74
15,electronics,4,226.54,2.9,55.0,879.88
16,grocery,1,386.53,9.9,66.0,348.26
17,clothing,8,431.54,14.0,,2969.0
18,clothing,2,499.17,16.3,20.0,835.61
19,electronics,8,315.21,17.6,57.0,2077.86
20,grocery,1,78.84,2.5,47.0,76.87
21,grocery,1,484.74,4.6,42.0,462.44
22,grocery,1,117.19,15.9,59.0,98.56
23,electronics,4,235.14,22.2,55.0,731.76
24,electronics,1,44.34,16.1,64.0,37.2
25,grocery,9,421.24,8.1,36.0,3484.08
26,clothing,1,460.89,8.1,23.0,423.56
27,electronics,7,202.99,7.2,46.0,1318.62
28,furniture,7,83.44,10.0,67.0,525.67
29,furniture,2,94.05,10.2,,168.91
30,furniture,2,191.28,3.5,26.0,369.17
31,clothing,2,33.28,1.9,58.0,65.3
32,grocery,6,200.15,18.8,19.0,975.13
33,electronics,8,462.54,15.6,25.0,3123.07
34,furniture,6,312.84,25.6,66.0,1396.52
35,electronics,3,390.29,15.9,41.0,984.7
36,clothing,8,492.72,25.3,41.0,2944.49
37,clothing,2,308.05,4.6,30.0,587.76
38,grocery,6,270.91,5.4,18.0,1537.69
39,electronics,5,143.7,28.8,18.0,511.57
40,electronics,3,59.42,29.9,45.0,124.96
41,grocery,4,384.38,,42.0,1439.12
42,furniture,1,245.1,8.9,28.0,223.29
43,furniture,4,456.64,4.6,38.0,1742.54
44,grocery,7,8.04,21.2,24.0,44.35
45,electronics,1,138.51,12.7,28.0,120.92
46,electronics,4,297.4,5.2,21.0,1127.74
47,electronics,4,28.98,8.2,34.0,106.41
48,clothing,1,168.72,7.8,68.0,155.56
49,grocery,3,180.03,20.8,55.0,427.75
50,furniture,2,397.0,27.5,21.0,575.65
51,grocery,4,217.56,0.2,60.0,868.5
52,electronics,6,135.33,19.7,55.0,652.02
53,furniture,3,345.05,17.3,,856.07
54,electronics,8,457.9,17.1,62.0,3036.79
55,grocery,3,287.44,22.3,28.0,670.02
56,electronics,4,183.23,27.1,,534.3
57,grocery,2,394.64,22.7,29.0,610.11
58,grocery,3,368.44,29.2,52.0,782.57
59,clothing,3,409.21,6.4,40.0,1149.06
60,furniture,5,104.07,19.1,60.0,420.96
61,furniture,8,473.07,4.3,57.0,3621.82
62,clothing,3,452.56,21.4,30.0,1067.14
63,clothing,3,494.91,,37.0,1404.55
64,clothing,2,7664.75,27.2,32.0,659.92
65,electronics,2,86.23,10.2,21.0,154.87
66,electronics,2,341.32,3.9,24.0,656.02
67,electronics,1,57.22,7.3,61.0,53.04
68,electronics,8,59.04,0.4,24.0,470.43
69,clothing,7,443.85,19.6,25.0,2497.99
70,electronics,5,414.14,7.2,50.0,1921.61
71,grocery,7,315.1,12.5,31.0,1929.99
72,clothing,8,214.48,0.9,28.0,1700.4
73,electronics,2,448.44,23.8,63.0,683.42
74,electronics,3,77.64,21.2,66.0,183.54
75,electronics,7,64.09,9.8,25.0,404.66
76,clothing,9,407.02,28.0,26.0,2637.49
77,electronics,8,78.03,11.6,25.0,551.83
78,electronics,1,202.26,9.0,22.0,184.06
79,clothing,6,344.46,13.8,32.0,1781.55
80,clothing,2,220.33,26.5,32.0,323.89
81,grocery,1,357.6,7.7,63.0,330.06
82,furniture,7,372.08,,48.0,2182.62
83,electronics,5,98.83,20.5,63.0,392.85
84,grocery,4,355.85,25.3,66.0,1063.28
85,furniture,7,344.08,17.7,25.0,1982.24
86,clothing,6,321.1,23.3,25.0,1477.7
87,furniture,3,466.12,29.1,22.0,991.44
88,electronics,6,56.11,22.1,59.0,262.26
89,electronics,1,363.61,11.9,21.0,320.34
90,clothing,9,494.14,24.7,67.0,3348.79
91,clothing,3,406.2,1.3,41.0,1202.76
92,electronics,1,110.57,17.2,47.0,91.55
93,electronics,3,136.9,22.0,36.0,320.35
94,grocery,7,469.65,3.9,51.0,3159.34
95,clothing,2,123.81,17.1,50.0,205.28
96,electronics,3,383.29,9.6,69.0,1039.48
97,furniture,2,244.02,13.2,64.0,423.62
98,furniture,5,387.47,3.3,39.0,1873.42
99,grocery,3,448.62,6.5,60.0,1258.38
100,electronics,6,108.33,17.4,30.0,536.88
101,electronics,8,436.31,13.8,56.0,3008.79
102,electronics,7,127.16,22.4,55.0,690.73
103,electronics,3,5804.79,29.5,40.0,366.4
104,grocery,9,492.26,24.4,35.0,3349.34
105,clothing,9,203.45,9.5,24.0,1657.1
106,furniture,3,334.18,2.8,36.0,974.47
107,grocery,3,229.77,26.4,38.0,507.33
108,electronics,8,269.21,22.5,19.0,1669.1
109,furniture,5,92.51,25.5,33.0,344.6
110,electronics,1,252.0,5.9,39.0,237.13
111,grocery,5,300.63,21.9,51.0,1173.96
112,grocery,4,357.7,0.4,42.0,1425.08
113,electronics,8,67.72,20.7,39.0,429.62
114,furniture,8,295.69,28.4,46.0,1693.71
115,electronics,1,194.37,18.1,,159.19
116,electronics,2,119.65,29.3,41.0,169.19
117,clothing,5,459.91,12.0,33.0,2023.6
118,clothing,4,108.73,15.7,42.0,366.64
119,electronics,4,495.53,4.7,51.0,1888.96
120,clothing,1,244.79,3.5,38.0,236.22
121,furniture,8,102.29,18.5,28.0,666.93
122,clothing,7,103.4,11.4,34.0,641.29
123,electronics,9,469.7,7.1,61.0,3927.16
124,clothing,1,292.98,1.1,19.0,289.76
125,electronics,7,249.43,25.0,51.0,1309.51
126,grocery,6,334.07,21.2,33.0,1579.48
127,electronics,7,417.24,3.8,43.0,2809.69
128,grocery,9,420.08,28.9,36.0,2688.09
129,grocery,1,10.87,17.5,47.0,8.97
130,clothing,3,103.05,6.1,35.0,290.29
131,furniture,1,195.68,25.7,63.0,145.39
132,grocery,7,316.48,10.3,62.0,1987.18
133,grocery,9,452.42,21.0,45.0,3216.71
134,electronics,7,285.75,13.9,22.0,1722.22
135,clothing,3,164.11,1.6,26.0,484.45
136,electronics,8,86.45,28.3,34.0,495.88
137,clothing,6,323.48,10.2,21.0,1742.91
138,furniture,9,360.4,18.8,41.0,2633.8
139,electronics,3,31.65,7.7,28.0,87.64
140,furniture,7,472.58,6.5,30.0,3093.04
141,electronics,7,130.16,1.8,25.0,894.72
142,clothing,3,133.45,22.4,39.0,310.67
143,electronics,4,179.72,19.0,30.0,582.29
144,electronics,4,332.11,9.7,50.0,1199.58
145,clothing,7,376.1,10.0,64.0,2369.43
146,grocery,4,210.75,22.2,24.0,655.85
147,grocery,6,166.92,10.0,,901.37
148,clothing,8,351.83,2.4,66.0,2747.09
149,clothing,5,413.33,3.3,53.0,1998.45
150,electronics,6,416.05,3.1,61.0,2418.91
151,clothing,2,439.36,,66.0,850.6
152,electronics,4,309.42,19.9,51.0,991.38
153,clothing,2,109.46,7.1,34.0,203.38
154,clothing,6,228.96,18.3,,1122.36
155,grocery,8,33.73,27.9,68.0,194.55
156,grocery,9,201.05,5.5,45.0,1709.93
157,electronics,9,229.27,16.7,33.0,1718.84
158,clothing,9,486.81,3.0,52.0,4249.85
159,furniture,6,203.43,10.9,62.0,1087.54
160,electronics,6,494.16,0.5,56.0,2950.14
161,furniture,4,302.74,16.4,54.0,1012.36
162,grocery,3,427.98,17.1,38.0,1064.39
163,clothing,8,371.69,11.7,49.0,2625.62
164,grocery,1,110.58,3.9,39.0,106.27
165,clothing,9,235.83,18.4,20.0,1731.94
166,furniture,3,62.55,16.6,25.0,156.5
167,clothing,7,183.4,28.3,58.0,920.48
168,clothing,2,49.68,30.0,47.0,69.55
169,clothing,6,442.19,16.7,27.0,2210.07
170,furniture,1,394.9,4.0,47.0,379.1
171,furniture,1,228.84,14.2,21.0,196.34
172,clothing,5,470.67,29.2,28.0,1666.17
173,electronics,9,232.32,10.8,31.0,1865.06
174,electronics,3,421.97,29.8,33.0,888.67
175,grocery,7,31.48,17.1,68.0,182.68
176,grocery,3,441.39,30.0,,926.92
177,grocery,5,101.37,14.1,49.0,435.38
178,clothing,3,30.51,22.4,58.0,71.03
179,clothing,2,334.2,17.9,25.0,548.76
180,electronics,3,453.06,8.9,54.0,1238.21
181,grocery,3,288.55,12.6,33.0,756.58
182,electronics,7,219.11,1.0,34.0,1518.43
183,electronics,7,258.08,13.2,33.0,1568.09
184,clothing,6,356.24,12.2,67.0,1876.67
185,grocery,4,60.1,26.0,44.0,177.9
186,clothing,3,6635.93,25.4,25.0,265.56
187,clothing,2,313.71,23.5,55.0,479.98
188,clothing,2,17.86,13.2,56.0,31.0
189,electronics,3,387.41,12.3,21.0,1019.28
190,grocery,3,165.74,1.6,62.0,489.26
191,clothing,2,270.95,12.4,28.0,474.7
192,electronics,2,353.4,20.6,59.0,561.2
193,furniture,3,209.56,14.7,46.0,536.26
194,electronics,3,159.95,14.1,,412.19
195,clothing,5,9.07,5.0,33.0,43.08
196,furniture,4,348.49,27.7,66.0,1007.83
197,grocery,7,224.28,14.4,33.0,1343.89
198,grocery,9,118.78,28.5,64.0,764.35
199,furniture,2,378.25,26.5,22.0,556.03
200,clothing,9,79.39,15.0,45.0,607.33
201,grocery,6,121.33,5.8,67.0,685.76
202,electronics,5,345.17,29.5,45.0,1216.72
203,clothing,4,445.82,18.4,69.0,1455.16
204,clothing,7,333.83,8.6,37.0,2135.84
205,grocery,1,48.27,,33.0,39.48
206,grocery,7,366.39,7.4,64.0,2374.94
207,grocery,3,268.85,17.2,49.0,667.82
208,furniture,8,6.36,27.8,25.0,36.74
209,furniture,1,372.24,11.3,50.0,330.18
210,clothing,9,33.3,11.8,32.0,264.34
211,electronics,4,164.09,19.6,52.0,527.71
212,grocery,6,107.22,24.0,41.0,488.92
213,clothing,2,138.77,28.4,30.0,198.72
214,grocery,8,215.07,11.5,69.0,1522.7
215,grocery,8,321.62,27.1,41.0,1875.69
216,furniture,2,62.15,22.0,36.0,96.95
217,electronics,9,173.81,3.2,28.0,1514.23
218,grocery,5,463.25,22.7,69.0,1790.46
219,electronics,5,272.98,26.8,26.0,999.11
220,furniture,6,7.38,13.3,40.0,38.39
221,electronics,2,114.58,3.4,57.0,221.37
222,electronics,3,479.04,,41.0,1146.82
223,electronics,4,407.81,17.4,54.0,1347.4
224,clothing,1,198.95,22.8,41.0,153.59
225,electronics,2,406.82,23.2,53.0,624.88
226,clothing,2,221.93,10.5,55.0,397.25
227,clothing,4,360.36,6.9,37.0,1341.98
228,furniture,1,123.82,17.2,52.0,102.52
229,electronics,8,94.01,3.9,49.0,722.75
230,grocery,9,241.0,19.8,32.0,1739.54
231,furniture,5,281.68,18.3,47.0,1150.66
232,electronics,2,223.76,7.1,50.0,415.75
233,electronics,8,119.67,23.4,61.0,733.34
234,clothing,5,334.01,6.2,63.0,1566.51
235,furniture,6,451.81,0.5,45.0,2697.31
236,clothing,8,49.42,13.9,69.0,340.4
237,grocery,7,193.59,27.9,40.0,977.05
238,electronics,8,68.0,1.6,35.0,535.3
239,clothing,2,427.79,25.4,28.0,638.26
240,grocery,8,23.66,11.1,49.0,168.27
241,clothing,3,446.13,16.5,38.0,1117.56
242,electronics,8,235.86,1.8,63.0,1852.92
243,electronics,3,317.89,12.4,67.0,835.41
244,grocery,4,25.95,26.7,33.0,76.09
245,clothing,9,217.25,26.0,24.0,1446.88
246,electronics,3,104.58,21.7,60.0,245.66
247,furniture,1,77.15,18.2,64.0,63.11
248,clothing,7,99.54,9.5,62.0,630.59
249,furniture,4,96.05,29.2,44.0,272.01
250,grocery,5,210.96,25.8,47.0,782.66
251,grocery,3,456.72,1.8,21.0,1345.5
252,clothing,4,366.48,21.9,23.0,1144.88
253,grocery,5,136.02,19.1,35.0,550.2
254,clothing,4,405.15,13.3,37.0,1405.06
255,electronics,2,260.88,29.4,18.0,368.36
256,electronics,3,202.04,8.0,36.0,557.63
257,furniture,7,249.66,,34.0,1251.3
258,furniture,5,173.94,9.1,36.0,790.56
259,clothing,8,300.6,12.3,39.0,2109.01
260,furniture,4,14.62,10.1,25.0,52.57
261,electronics,5,481.16,19.0,65.0,1948.7
262,clothing,5,148.91,12.2,31.0,653.71
263,clothing,8,95.4,1.3,34.0,753.28
264,electronics,9,296.3,16.5,42.0,2226.69
265,furniture,3,322.2,13.7,64.0,834.18
266,grocery,4,218.25,16.3,69.0,730.7
267,furniture,2,63.18,14.8,29.0,107.66
268,clothing,3,460.5,18.2,23.0,1130.07
269,electronics,3,486.68,13.6,25.0,1261.47
270,electronics,1,221.14,4.7,47.0,210.75
271,clothing,2,313.25,5.3,19.0,593.3
272,clothing,7,156.39,20.0,23.0,875.78
273,electronics,6,385.8,27.8,56.0,1671.29
274,electronics,2,234.22,4.7,22.0,446.42
275,clothing,2,40.98,6.8,35.0,76.39
276,clothing,6,146.71,18.2,52.0,720.05
277,furniture,5,304.03,22.9,54.0,1172.04
278,electronics,4,78.13,17.8,61.0,256.89
279,electronics,6,204.74,7.4,65.0,1137.54
280,electronics,3,310.61,20.3,40.0,742.67
281,clothing,7,273.66,25.4,67.0,1429.05
282,grocery,5,349.64,12.8,44.0,1524.43
283,grocery,4,176.48,29.6,62.0,496.97
284,electronics,5,35.18,13.9,19.0,151.45
285,grocery,3,153.39,25.5,59.0,342.83
286,electronics,9,427.47,4.6,30.0,3670.26
287,grocery,8,397.34,27.6,55.0,2301.39
288,electronics,1,85.92,4.3,64.0,82.23
289,electronics,1,179.25,12.9,34.0,156.13
290,electronics,9,425.25,2.2,18.0,3743.05
291,electronics,1,406.03,12.8,35.0,354.06
292,grocery,5,266.31,24.8,50.0,1001.33
293,electronics,3,165.01,15.2,43.0,419.79
294,electronics,2,56.16,20.2,62.0,89.63
295,grocery,2,435.1,17.6,20.0,717.04
296,clothing,5,434.58,16.4,63.0,1816.54
297,furniture,9,8.43,26.5,36.0,55.76
298,electronics,6,87.47,4.1,51.0,503.3
299,clothing,6,85.55,7.4,33.0,475.32
300,electronics,8,383.26,12.6,22.0,2679.75
301,clothing,8,390.64,2.1,44.0,3059.49
302,clothing,1,95.06,2.8,41.0,92.4
303,electronics,5,172.82,7.4,48.0,800.16
304,furniture,6,485.72,29.4,64.0,2057.51
305,grocery,3,232.08,21.8,19.0,544.46
306,clothing,3,255.16,15.0,25.0,650.66
307,electronics,5,245.7,25.2,26.0,918.92
308,clothing,9,139.95,7.1,50.0,1170.12
309,furniture,5,484.68,19.2,67.0,1958.11
310,furniture,5,248.86,22.4,41.0,965.58
311,furniture,1,305.52,14.8,21.0,260.3
312,furniture,2,458.71,29.8,24.0,644.03
313,electronics,3,461.55,24.7,57.0,1042.64
314,electronics,6,54.41,19.5,39.0,262.8
315,clothing,5,408.15,14.8,27.0,1738.72
316,clothing,4,29.34,7.0,36.0,109.14
317,furniture,9,120.44,18.8,18.0,880.18
318,grocery,7,386.82,15.9,37.0,2277.21
319,furniture,9,323.44,28.6,,2078.43
320,clothing,1,329.94,4.6,19.0,314.76
321,electronics,8,331.18,16.7,61.0,2206.98
322,electronics,1,395.67,11.8,62.0,348.98
323,furniture,1,197.42,17.5,69.0,162.87
324,grocery,2,384.22,13.7,35.0,663.16
325,clothing,2,265.08,22.0,40.0,413.52
326,grocery,5,437.67,3.7,32.0,2107.38
327,clothing,6,392.17,12.6,54.0,2056.54
328,clothing,7,347.59,16.5,44.0,2031.66
329,grocery,7,498.34,10.4,56.0,3125.59
330,furniture,5,18.02,19.6,21.0,72.44
331,grocery,2,378.67,19.0,40.0,613.45
332,clothing,7,343.98,7.9,69.0,2217.64
333,clothing,9,179.79,17.9,54.0,1328.47
334,grocery,6,424.97,19.9,43.0,2042.41
335,electronics,8,218.89,22.9,21.0,1350.11
336,electronics,1,347.15,5.3,44.0,328.75
337,electronics,8,163.93,5.6,64.0,1238.0
338,electronics,6,343.33,0.2,40.0,2055.86
339,electronics,9,107.84,28.1,67.0,697.83
340,grocery,5,168.97,16.6,54.0,704.6
341,electronics,4,183.38,24.0,33.0,557.48
342,grocery,9,191.82,11.9,57.0,1520.94
343,grocery,6,49.53,10.9,27.0,264.79
344,electronics,7,327.54,7.7,61.0,2116.24
345,electronics,8,219.23,29.5,55.0,1236.46
346,furniture,5,213.86,23.9,30.0,813.74
347,furniture,8,412.68,2.0,,3235.41
348,clothing,9,139.65,27.2,36.0,914.99
349,grocery,2,317.4,11.5,48.0,561.8
350,clothing,4,22.75,14.3,57.0,77.99
351,electronics,7,43.93,11.8,47.0,271.22
352,clothing,1,358.19,12.0,68.0,315.21
353,furniture,7,21.02,16.2,34.0,123.3
354,clothing,8,86.3,6.5,66.0,645.52
355,electronics,3,228.39,13.9,54.0,589.93
356,clothing,4,488.62,10.8,38.0,1743.4
357,grocery,2,398.61,9.7,61.0,719.89
358,electronics,7,107.23,23.9,29.0,571.21
359,furniture,6,67.22,22.5,61.0,312.57
360,furniture,6,390.02,1.5,61.0,2305.02
361,furniture,7,427.38,1.2,62.0,2955.76
362,electronics,8,104.12,7.7,54.0,768.82
363,electronics,7,485.4,12.1,60.0,2986.67
364,electronics,3,266.46,13.7,63.0,689.86
365,furniture,3,294.67,1.2,54.0,873.4
366,electronics,4,260.79,2.6,55.0,1016.04
367,furniture,5,397.69,11.6,55.0,1757.79
368,clothing,8,336.71,9.3,19.0,2443.17
369,clothing,2,206.84,,20.0,361.56
370,clothing,4,210.72,,,745.95
371,grocery,8,491.22,2.3,25.0,3839.38
372,clothing,1,135.6,15.9,68.0,114.04
373,furniture,9,82.02,8.4,41.0,676.17
374,clothing,6,115.15,14.2,33.0,592.79
375,furniture,4,381.17,7.1,45.0,1416.43
376,clothing,1,302.19,24.3,43.0,228.76
377,furniture,7,189.21,23.8,19.0,1009.25
378,electronics,7,31.78,0.4,35.0,221.57
379,grocery,9,185.12,7.2,35.0,1546.12
380,clothing,3,88.07,5.3,36.0,250.21
381,electronics,9,239.43,26.2,46.0,1590.29
382,clothing,1,290.73,28.9,69.0,206.71
383,grocery,2,208.27,28.3,67.0,298.66
384,furniture,3,238.23,,59.0,687.53
385,furniture,5,278.51,22.3,65.0,1082.01
386,grocery,1,368.94,3.3,48.0,356.76
387,clothing,4,278.28,5.4,67.0,1053.01
388,electronics,4,94.36,29.7,,265.34
389,furniture,9,247.3,24.9,59.0,1671.5
390,furniture,1,256.83,11.2,66.0,228.07
391,grocery,2,80.22,7.3,24.0,148.73
392,electronics,9,363.84,,57.0,2387.15
393,clothing,3,369.08,24.0,24.0,841.5
394,clothing,8,431.91,21.2,26.0,2722.76
395,electronics,9,62.15,25.9,36.0,414.48
396,grocery,1,57.43,12.3,69.0,50.37
397,electronics,7,464.46,11.8,43.0,2867.58
398,clothing,8,365.14,16.5,54.0,2439.14
399,grocery,9,187.53,22.5,31.0,1308.02
400,grocery,3,228.05,7.3,51.0,634.21
401,grocery,7,265.56,18.8,68.0,1509.44
402,electronics,4,19.26,23.1,60.0,59.24
403,electronics,4,56.93,4.6,35.0,217.24
404,clothing,9,375.68,13.4,30.0,2928.05
405,clothing,8,410.35,14.3,34.0,2813.36
406,grocery,4,65.28,21.9,66.0,203.93
407,electronics,2,375.94,14.5,44.0,642.86
408,clothing,4,93.44,18.8,60.0,303.49
409,grocery,3,342.01,19.8,64.0,822.88
410,grocery,3,242.5,28.1,22.0,523.07
411,furniture,6,209.81,3.4,43.0,1216.06
412,furniture,8,458.87,16.0,48.0,3083.61
413,electronics,3,232.18,5.4,18.0,658.93
414,furniture,7,138.44,28.6,60.0,691.92
415,grocery,2,499.82,5.2,61.0,947.66
416,grocery,2,71.53,14.0,63.0,123.03
417,furniture,4,347.25,25.9,32.0,1029.25
418,clothing,2,381.89,29.3,66.0,539.99
419,clothing,8,242.54,21.1,33.0,1530.91
420,clothing,2,195.42,25.0,43.0,293.13
421,electronics,7,424.67,27.8,33.0,2146.28
422,clothing,7,66.42,3.8,19.0,447.27
423,grocery,8,162.35,17.7,43.0,1068.91
424,clothing,1,86.14,10.0,,77.53
425,electronics,1,100.07,27.5,45.0,72.55
426,grocery,4,371.7,7.8,53.0,1370.83
427,grocery,2,230.37,9.6,59.0,416.51
428,grocery,5,458.51,4.3,50.0,2193.97
429,clothing,2,214.69,15.8,56.0,361.54
430,electronics,2,414.06,0.2,66.0,826.46
431,electronics,1,303.71,2.0,54.0,297.64
432,electronics,6,35.24,5.1,50.0,200.66
433,electronics,3,193.2,9.8,24.0,522.8
434,furniture,1,459.8,7.5,30.0,425.32
435,clothing,9,215.33,0.1,42.0,1936.03
436,clothing,7,390.91,6.2,63.0,2566.72
437,furniture,1,33.19,27.3,39.0,24.13
438,grocery,4,146.97,15.3,32.0,497.93
439,electronics,2,166.98,27.7,54.0,241.45
440,clothing,6,440.44,3.7,22.0,2544.86
441,clothing,6,302.87,0.1,34.0,1815.4
442,grocery,2,259.72,3.8,51.0,499.7
443,furniture,2,13.22,17.4,35.0,21.84
444,electronics,2,184.94,,54.0,267.42
445,electronics,7,16.56,,60.0,91.11
446,clothing,7,62.25,29.4,58.0,307.64
447,clothing,6,298.87,18.4,61.0,1463.27
448,clothing,8,311.89,29.6,31.0,1756.56
449,electronics,7,78.82,18.7,64.0,448.56
450,grocery,3,429.57,12.3,20.0,1130.2
451,grocery,4,461.29,27.6,50.0,1335.9
452,grocery,1,137.03,1.0,61.0,135.66
453,grocery,1,334.68,25.1,32.0,250.68
454,grocery,2,212.11,23.3,36.0,325.38
455,clothing,2,427.29,10.4,49.0,765.7
456,furniture,2,459.71,20.3,62.0,732.78
457,furniture,7,172.48,2.0,65.0,1183.21
458,electronics,5,6510.71,13.1,55.0,1298.16
459,furniture,5,334.62,10.9,20.0,1490.73
460,electronics,8,101.09,0.3,21.0,806.29
461,electronics,3,335.05,25.0,36.0,753.86
462,clothing,4,287.45,10.9,19.0,1024.47
463,furniture,9,195.41,15.2,32.0,1491.37
464,furniture,9,26.13,24.2,46.0,178.26
465,furniture,5,183.05,12.8,51.0,798.1
466,electronics,5,164.11,9.4,37.0,743.42
467,furniture,4,320.13,3.3,25.0,1238.26
468,electronics,2,300.46,20.7,64.0,476.53
469,grocery,8,458.54,3.7,48.0,3532.59
470,electronics,8,464.98,29.4,19.0,2626.21
471,clothing,4,221.77,21.7,18.0,694.58
472,grocery,9,297.93,7.1,23.0,2490.99
473,electronics,2,355.99,0.6,68.0,707.71
474,grocery,1,43.38,14.7,65.0,37.0
475,electronics,1,104.84,1.5,19.0,103.27
476,clothing,1,23.18,10.3,47.0,20.79
477,furniture,6,43.66,10.0,28.0,235.76
478,clothing,6,228.34,10.5,60.0,1226.19
479,electronics,6,200.07,20.2,37.0,957.94
480,electronics,2,291.28,24.9,36.0,437.5
481,clothing,8,147.08,21.4,48.0,924.84
482,clothing,1,74.25,24.1,,56.36
483,grocery,5,347.58,5.2,35.0,1647.53
484,furniture,5,198.51,23.4,46.0,760.29
485,electronics,2,146.54,10.4,69.0,262.6
486,electronics,3,338.07,0.5,47.0,1009.14
487,grocery,7,15.45,26.5,66.0,79.49
488,electronics,4,73.88,17.1,46.0,244.99
489,grocery,8,374.47,19.4,67.0,2414.58
490,electronics,5,230.17,0.3,51.0,1147.4
491,clothing,5,314.01,,57.0,1213.65
492,furniture,6,254.54,,44.0,1504.33
493,electronics,2,47.42,9.4,45.0,85.93
494,clothing,8,23.57,4.1,54.0,180.83
495,electronics,9,167.33,22.0,44.0,1174.66
496,grocery,5,69.24,27.2,44.0,252.03
497,electronics,3,178.83,9.2,44.0,487.13
498,clothing,9,463.35,7.3,56.0,3865.73
499,electronics,5,343.32,11.3,31.0,1522.62
500,clothing,6,33.97,27.7,21.0,147.36
501,clothing,1,261.52,17.0,21.0,217.06
502,grocery,5,211.96,1.7,38.0,1041.78
503,grocery,3,466.07,18.9,27.0,1133.95
504,clothing,9,285.67,4.1,67.0,2465.62
505,clothing,4,78.23,20.0,55.0,250.34
506,clothing,7,102.85,11.6,25.0,636.44
507,grocery,1,296.88,27.6,30.0,214.94
508,furniture,8,432.38,20.2,21.0,2760.31
509,clothing,8,455.56,4.9,24.0,3465.9
510,grocery,9,51.28,20.0,24.0,369.22
511,electronics,8,122.65,1.8,37.0,963.54
512,clothing,4,300.15,17.3,57.0,992.9
513,furniture,6,25.11,5.7,63.0,142.07
514,electronics,5,378.55,13.6,33.0,1635.34
515,clothing,6,481.59,21.0,52.0,2282.74
516,electronics,2,261.92,4.0,51.0,502.89
517,electronics,1,213.9,7.7,29.0,197.43
518,clothing,2,74.4,4.8,42.0,141.66
519,grocery,6,363.4,11.5,36.0,1929.65
520,grocery,2,467.02,20.7,66.0,740.69
521,grocery,7,248.88,4.1,39.0,1670.73
522,furniture,6,478.76,11.4,30.0,2545.09
523,furniture,9,240.62,8.9,41.0,1972.84
524,electronics,6,483.14,26.9,43.0,2119.05
525,clothing,4,114.95,8.7,41.0,419.8
526,clothing,8,212.21,5.8,62.0,1599.21
527,furniture,3,49.32,3.6,31.0,142.63
528,grocery,1,355.96,15.0,44.0,302.57
529,grocery,9,207.53,2.8,18.0,1815.47
530,clothing,6,121.72,20.5,21.0,580.6
531,clothing,8,294.45,5.9,31.0,2216.62
532,clothing,3,242.89,15.7,24.0,614.27
533,grocery,5,141.04,10.4,52.0,631.86
534,electronics,7,312.38,24.2,59.0,1657.49
535,grocery,4,338.88,3.1,65.0,1313.5
536,grocery,5,449.13,2.2,59.0,2196.25
537,furniture,5,145.26,10.4,39.0,650.76
538,electronics,9,98.17,11.2,26.0,784.57
539,grocery,3,36.89,12.9,37.0,96.39
540,electronics,5,392.18,18.7,60.0,1594.21
541,grocery,1,414.99,16.0,61.0,348.59
542,electronics,6,121.53,8.2,56.0,669.39
543,clothing,2,391.2,6.2,48.0,733.89
544,grocery,8,199.31,4.0,39.0,1530.7
545,clothing,5,455.69,4.1,30.0,2185.03
546,grocery,9,377.46,,45.0,3383.55
547,electronics,2,118.01,5.4,49.0,223.27
548,electronics,6,418.73,17.9,68.0,2062.66
549,clothing,5,49.67,3.9,36.0,238.66
550,furniture,5,30.57,1.1,68.0,151.17
551,electronics,8,381.88,21.2,43.0,2407.37
552,clothing,4,404.16,2.4,39.0,1577.84
553,grocery,6,69.54,0.8,26.0,413.9
554,clothing,7,425.3,19.1,33.0,2408.47
555,grocery,5,125.21,6.3,58.0,586.61
556,clothing,5,152.16,23.5,29.0,582.01
557,electronics,9,90.75,22.7,40.0,631.35
558,furniture,2,157.48,18.0,37.0,258.27
559,clothing,8,194.08,28.7,42.0,1107.03
560,clothing,5,123.91,15.0,38.0,526.62
561,electronics,7,415.52,10.9,66.0,2591.6
562,clothing,4,317.99,3.3,28.0,1229.99
563,grocery,8,196.13,15.6,44.0,1324.27
564,electronics,9,163.68,20.8,36.0,1166.71
565,grocery,5,236.13,8.3,59.0,1082.66
566,clothing,3,248.37,4.8,40.0,709.34
567,clothing,7,366.1,12.8,33.0,2234.67
568,clothing,7,174.71,21.1,47.0,964.92
569,clothing,2,469.21,8.5,46.0,858.65
570,clothing,1,64.77,28.5,21.0,46.31
571,furniture,3,364.91,1.8,62.0,1075.02
572,electronics,3,313.33,2.5,44.0,916.49
573,furniture,2,240.23,8.5,26.0,439.62
574,grocery,7,139.07,9.2,64.0,883.93
575,furniture,8,39.61,2.4,28.0,309.27
576,electronics,1,231.51,28.1,56.0,166.46
577,clothing,4,254.59,3.5,51.0,982.72
578,grocery,3,386.59,19.5,69.0,933.61
579,furniture,2,291.32,,69.0,482.43
580,grocery,4,297.18,18.5,35.0,968.81
581,electronics,7,477.32,5.4,44.0,3160.81
582,clothing,1,81.5,18.3,24.0,66.59
583,electronics,5,388.98,,35.0,1694.01
584,clothing,4,283.88,,41.0,875.49
585,clothing,9,122.11,29.9,,770.39
586,electronics,4,241.07,20.5,35.0,766.6
587,clothing,7,421.57,23.5,33.0,2257.51
588,clothing,6,76.86,23.2,69.0,354.17
589,furniture,2,121.69,10.1,48.0,218.8
590,furniture,8,174.6,13.4,59.0,1209.63
591,furniture,5,90.17,21.9,56.0,352.11
592,furniture,3,470.67,24.8,18.0,1061.83
593,electronics,9,489.54,5.1,63.0,4181.16
594,furniture,5,352.52,10.2,61.0,1582.81
595,furniture,1,369.94,26.0,32.0,273.76
596,clothing,4,363.57,28.6,43.0,1038.36
597,clothing,5,30.51,5.4,23.0,144.31
598,grocery,7,197.15,1.2,18.0,1363.49
599,furniture,6,97.18,,18.0,416.9
600,grocery,2,25.21,27.6,53.0,36.5
601,clothing,2,62.18,14.5,38.0,106.33
602,grocery,7,141.95,26.5,56.0,730.33
603,grocery,7,41.55,3.9,45.0,279.51
604,electronics,4,373.86,25.0,42.0,1121.58
605,clothing,5,416.29,27.7,44.0,1504.89
606,electronics,8,464.31,15.2,25.0,3149.88
607,furniture,1,319.47,23.8,,243.44
608,electronics,6,354.5,21.6,63.0,1667.57
609,clothing,9,77.45,25.3,48.0,520.7
610,electronics,3,382.18,9.3,40.0,1039.91
611,furniture,3,350.9,11.3,30.0,933.74
612,grocery,2,67.02,5.3,19.0,126.94
613,electronics,7,82.62,21.6,67.0,453.42
614,clothing,4,119.71,25.5,39.0,356.74
615,grocery,3,6818.04,14.0,31.0,415.9
616,grocery,1,265.51,13.4,41.0,229.93
617,electronics,2,25.36,28.8,23.0,36.11
618,grocery,9,38.57,16.7,19.0,289.16
619,clothing,9,440.97,,52.0,3083.7
620,furniture,1,34.79,20.9,53.0,27.52
621,electronics,6,204.27,22.8,44.0,946.18
622,electronics,3,9.92,24.0,54.0,22.62
623,grocery,7,177.46,22.0,54.0,968.93
624,electronics,2,225.54,28.6,56.0,322.07
625,clothing,3,118.91,9.0,22.0,324.62
626,furniture,1,209.82,19.4,51.0,169.11
627,grocery,4,348.34,18.9,27.0,1130.01
628,grocery,1,291.93,6.7,41.0,272.37
629,furniture,2,16.22,24.6,28.0,24.46
630,clothing,6,356.94,23.6,69.0,1636.21
631,furniture,4,220.6,0.3,63.0,879.75
632,furniture,5,26.99,24.8,42.0,101.48
633,grocery,3,45.29,9.5,50.0,122.96
634,electronics,9,272.35,11.7,42.0,2164.37
635,electronics,2,460.57,9.3,39.0,835.47
636,electronics,6,190.48,2.6,64.0,1113.17
637,grocery,9,249.11,24.0,36.0,1703.91
638,grocery,6,467.61,28.7,31.0,2000.44
639,electronics,9,465.16,16.6,34.0,3491.49
640,electronics,1,363.63,5.3,48.0,344.36
641,furniture,6,283.41,17.1,55.0,1409.68
642,furniture,9,5.87,26.6,43.0,38.78
643,furniture,2,85.21,8.9,40.0,155.25
644,clothing,3,237.44,12.6,53.0,622.57
645,furniture,9,472.43,0.0,35.0,4251.87
646,furniture,8,111.02,5.4,42.0,840.2
647,grocery,8,240.13,25.6,57.0,1429.25
648,electronics,1,74.1,1.2,23.0,73.21
649,furniture,3,230.04,9.9,22.0,621.8
650,furniture,3,39.8,23.8,23.0,90.98
651,clothing,7,216.64,20.4,54.0,1207.12
652,electronics,6,301.03,28.4,24.0,1293.22
653,clothing,4,274.53,23.3,22.0,842.26
654,grocery,6,365.23,18.7,35.0,1781.59
655,grocery,1,487.55,24.8,35.0,366.64
656,electronics,6,396.75,10.7,56.0,2125.79
657,furniture,8,445.88,11.1,29.0,3171.1
658,clothing,6,159.43,18.4,44.0,780.57
659,clothing,6,41.31,25.4,40.0,184.9
660,grocery,8,363.51,22.3,29.0,2259.58
661,electronics,4,444.25,15.5,63.0,1501.56
662,clothing,6,228.28,27.3,49.0,995.76
663,electronics,5,159.2,6.3,46.0,745.85
664,clothing,8,349.68,4.3,20.0,2677.15
665,electronics,5,130.06,21.4,,511.14
666,grocery,4,407.17,23.6,35.0,1244.31
667,grocery,4,189.57,,34.0,691.55
668,grocery,3,483.16,20.5,56.0,1152.34
669,clothing,5,14.38,15.3,51.0,60.9
670,clothing,7,77.21,23.6,53.0,412.92
671,grocery,7,240.0,0.3,33.0,1674.96
672,clothing,7,309.53,18.4,42.0,1768.04
673,furniture,6,347.38,16.8,49.0,1734.12
674,clothing,6,415.97,0.0,42.0,2495.82
675,clothing,1,36.26,12.3,66.0,31.8
676,grocery,3,178.9,,20.0,499.67
677,electronics,2,485.94,14.6,25.0,829.99
678,grocery,8,387.32,26.4,60.0,2280.54
679,electronics,3,124.74,11.7,45.0,330.44
680,electronics,6,461.51,9.0,25.0,2519.84
681,grocery,7,133.86,15.3,40.0,793.66
682,grocery,3,473.15,21.3,31.0,1117.11
683,clothing,1,427.76,18.7,40.0,347.77
684,electronics,3,372.47,7.0,55.0,1039.19
685,electronics,1,450.45,6.3,64.0,422.07
686,clothing,9,439.37,21.1,21.0,3119.97
687,grocery,6,146.77,16.1,44.0,738.84
688,electronics,3,174.52,28.0,34.0,376.96
689,furniture,9,143.57,4.6,34.0,1232.69
690,furniture,6,212.79,2.4,51.0,1246.1
691,furniture,8,309.58,11.7,48.0,2186.87
692,furniture,4,241.14,10.0,64.0,868.1
693,electronics,3,195.85,21.2,24.0,462.99
694,electronics,2,5.96,18.5,65.0,9.71
695,clothing,7,360.83,6.8,66.0,2354.05
696,grocery,9,137.07,18.9,56.0,1000.47
697,electronics,9,240.16,25.2,30.0,1616.76
698,furniture,7,363.47,4.6,52.0,2427.25
699,grocery,8,251.76,2.6,54.0,1961.71
700,clothing,6,338.74,29.6,33.0,1430.84
701,clothing,2,409.44,26.5,37.0,601.88
702,furniture,7,425.89,3.3,46.0,2882.85
703,furniture,4,483.35,17.4,45.0,1596.99
704,electronics,5,15.74,5.9,68.0,74.06
705,electronics,6,142.37,23.5,32.0,653.48
706,grocery,7,446.56,16.7,42.0,2603.89
707,electronics,6,313.56,,28.0,1522.02
708,clothing,4,78.95,16.4,,264.01
709,electronics,7,327.42,16.8,52.0,1906.89
710,grocery,4,491.94,23.7,60.0,1501.4
711,electronics,7,51.51,12.7,21.0,314.78
712,clothing,1,66.47,28.1,41.0,47.79
713,electronics,7,247.8,14.0,45.0,1491.76
714,electronics,2,225.64,17.4,25.0,372.76
715,grocery,2,271.96,13.7,37.0,469.4
716,furniture,3,201.65,19.4,68.0,487.59
717,clothing,7,354.96,9.1,36.0,2258.61
718,electronics,7,55.57,29.6,45.0,273.85
719,clothing,9,327.24,1.3,22.0,2906.87
720,electronics,3,37.05,0.6,22.0,110.48
721,grocery,9,388.66,12.9,24.0,3046.71
722,grocery,1,276.86,0.4,22.0,275.75
723,electronics,3,367.93,24.9,54.0,828.95
724,clothing,7,83.97,3.4,38.0,567.81
725,furniture,1,390.81,28.7,46.0,278.65
726,electronics,5,403.67,11.3,39.0,1790.28
727,clothing,8,216.68,15.1,48.0,1471.69
728,clothing,9,164.62,23.7,28.0,1130.45
729,clothing,3,106.64,17.7,,263.29
730,electronics,8,199.74,25.2,18.0,1195.24
731,clothing,5,124.87,1.4,35.0,615.61
732,clothing,6,461.37,24.7,43.0,2084.47
733,clothing,5,433.71,17.6,34.0,1786.89
734,grocery,2,423.37,14.4,28.0,724.81
735,furniture,5,202.72,27.6,51.0,733.85
736,grocery,8,201.76,28.9,61.0,1147.61
737,clothing,6,165.94,19.2,45.0,804.48
738,grocery,5,42.4,7.6,62.0,195.89
739,grocery,3,136.75,1.5,19.0,404.1
740,furniture,5,190.45,10.0,49.0,857.02
741,furniture,8,18.72,21.7,52.0,117.26
742,grocery,4,429.18,28.4,28.0,1229.17
743,clothing,5,19.42,8.9,23.0,88.46
744,furniture,3,166.93,6.9,33.0,466.24
745,grocery,4,412.12,8.3,39.0,1511.66
746,clothing,9,457.31,14.9,36.0,3502.54
747,furniture,6,97.92,21.5,62.0,461.2
748,electronics,9,46.52,14.5,31.0,357.97
749,grocery,3,243.12,27.3,53.0,530.24
750,grocery,5,53.6,11.0,20.0,238.52
751,electronics,7,455.33,23.4,54.0,2441.48
752,clothing,6,245.92,0.6,64.0,1466.67
753,grocery,7,70.55,0.3,69.0,492.37
754,electronics,6,239.08,4.5,37.0,1369.93
755,clothing,4,480.45,9.3,36.0,1743.07
756,clothing,4,101.97,17.6,53.0,336.09
757,clothing,7,302.36,29.9,51.0,1483.68
758,grocery,1,369.15,16.7,67.0,307.5
759,grocery,1,178.82,24.8,66.0,134.47
760,grocery,5,494.97,10.8,57.0,2207.57
761,furniture,6,177.64,5.2,30.0,1010.42
762,electronics,8,457.66,15.3,28.0,3101.1
763,clothing,7,290.74,23.3,66.0,1560.98
764,grocery,9,251.36,16.6,67.0,1886.71
765,grocery,9,455.54,28.7,21.0,2923.2
766,electronics,2,237.35,29.6,27.0,334.19
767,electronics,2,233.22,18.2,40.0,381.55
768,electronics,4,104.46,17.2,59.0,345.97
769,electronics,1,276.86,29.6,18.0,194.91
770,clothing,1,23.13,9.1,31.0,21.03
771,furniture,1,340.48,15.7,57.0,287.02
772,furniture,8,95.08,2.8,35.0,739.34
773,electronics,1,76.93,19.6,35.0,61.85
774,furniture,4,107.3,2.4,50.0,418.9
775,clothing,5,32.19,29.8,69.0,112.99
776,electronics,4,217.86,,39.0,714.58
777,clothing,8,421.9,15.6,39.0,2848.67
778,electronics,7,47.89,,61.0,318.13
779,electronics,8,236.0,6.3,68.0,1769.06
780,clothing,7,443.49,7.7,40.0,2865.39
781,clothing,5,487.85,13.7,61.0,2105.07
782,furniture,3,5952.92,28.7,,557.23
783,clothing,5,48.37,18.6,26.0,196.87
784,furniture,6,4509.44,19.3,25.0,1520.39
785,electronics,1,51.82,3.4,69.0,50.06
786,clothing,8,359.74,20.4,26.0,2290.82
787,furniture,6,417.97,5.5,66.0,2369.89
788,grocery,6,411.13,25.8,54.0,1830.35
789,clothing,3,207.19,27.5,65.0,450.64
790,clothing,8,201.45,0.7,68.0,1600.32
791,clothing,3,425.31,12.1,44.0,1121.54
792,furniture,2,10.36,10.1,28.0,18.63
793,grocery,4,354.41,18.2,40.0,1159.63
794,clothing,8,426.35,13.9,23.0,2936.7
795,electronics,1,333.97,29.1,61.0,236.78
796,clothing,5,219.52,22.3,23.0,852.84
797,electronics,1,139.44,28.9,,99.14
798,furniture,1,268.4,29.8,42.0,188.42
799,furniture,9,83.04,25.5,23.0,556.78
800,furniture,7,302.01,18.6,27.0,1720.85
801,clothing,9,99.29,16.8,66.0,743.48
802,electronics,4,72.48,6.0,32.0,272.52
803,grocery,6,300.4,13.3,36.0,1562.68
804,electronics,4,447.87,14.3,62.0,1535.3
805,furniture,8,127.64,22.8,27.0,788.3
806,clothing,3,433.37,18.8,67.0,1055.69
807,electronics,9,443.38,10.6,59.0,3567.44
808,clothing,4,328.39,24.1,46.0,996.99
809,grocery,6,380.03,28.3,63.0,1634.89
810,grocery,4,67.56,26.4,67.0,198.9
811,clothing,1,382.98,29.6,57.0,269.62
812,electronics,5,466.7,24.3,41.0,1766.46
813,furniture,3,403.62,27.8,48.0,874.24
814,electronics,5,356.53,12.4,54.0,1561.6
815,electronics,9,277.36,16.1,60.0,2094.35
816,furniture,8,301.05,29.7,59.0,1693.11
817,clothing,2,365.13,14.1,67.0,627.29
818,furniture,1,81.38,2.6,52.0,79.26
819,grocery,8,62.22,,54.0,416.13
820,furniture,5,476.51,28.0,42.0,1715.44
821,clothing,3,347.38,8.5,66.0,953.56
822,clothing,4,449.69,23.8,26.0,1370.66
823,grocery,8,220.96,4.8,55.0,1682.83
824,furniture,8,357.05,7.8,44.0,2633.6
825,electronics,8,6.03,13.3,49.0,41.82
826,clothing,4,141.63,22.4,35.0,439.62
827,electronics,8,494.19,11.1,62.0,3514.68
828,electronics,9,221.2,2.0,28.0,1950.98
829,electronics,9,64.34,4.0,58.0,555.9
830,electronics,5,71.28,3.7,28.0,343.21
831,furniture,5,389.96,18.8,20.0,1583.24
832,clothing,9,488.35,27.1,37.0,3204.06
833,clothing,9,476.53,3.5,18.0,4138.66
834,electronics,6,408.83,14.2,21.0,2104.66
835,grocery,7,7.5,24.7,44.0,39.53
836,furniture,5,150.12,10.4,39.0,672.54
837,grocery,5,318.28,12.1,63.0,1398.84
838,clothing,7,102.81,15.6,19.0,607.4
839,clothing,1,403.26,29.0,63.0,286.31
840,electronics,2,101.84,,26.0,172.11
841,electronics,1,324.51,19.9,37.0,259.93
842,grocery,7,234.88,,69.0,1594.84
843,electronics,1,445.0,9.6,57.0,402.28
844,electronics,7,424.73,27.3,43.0,2161.45
845,furniture,4,277.23,21.8,30.0,867.18
846,clothing,9,382.85,15.1,32.0,2925.36
847,clothing,1,436.26,11.6,59.0,385.65
848,clothing,8,302.7,16.4,44.0,2024.46
849,clothing,8,47.83,4.9,62.0,363.89
850,clothing,3,365.81,26.9,26.0,802.22
851,electronics,2,307.02,15.0,59.0,521.93
852,clothing,8,232.7,4.6,,1775.97
853,grocery,1,255.59,23.1,32.0,196.55
854,electronics,7,370.54,19.1,51.0,2098.37
855,clothing,1,227.34,23.7,58.0,173.46
856,furniture,8,388.15,28.5,35.0,2220.22
857,electronics,4,151.66,19.8,58.0,486.53
858,clothing,8,221.85,6.0,20.0,1668.31
859,furniture,1,10.81,2.3,44.0,10.56
860,electronics,7,254.55,13.0,50.0,1550.21
861,furniture,4,207.87,24.1,28.0,631.09
862,electronics,4,295.33,3.2,55.0,1143.52
863,electronics,9,243.08,2.6,51.0,2130.84
864,grocery,3,148.36,,65.0,321.35
865,grocery,6,406.48,16.7,51.0,2031.59
866,clothing,1,203.77,18.3,49.0,166.48
867,clothing,8,151.74,8.4,35.0,1111.95
868,clothing,2,70.78,18.1,59.0,115.94
869,electronics,8,379.92,2.1,51.0,2975.53
870,clothing,6,381.24,9.7,50.0,2065.56
871,grocery,3,119.5,24.7,35.0,269.95
872,clothing,1,375.02,25.8,27.0,278.26
873,electronics,3,48.94,29.6,36.0,103.36
874,electronics,9,335.86,24.2,67.0,2291.24
875,clothing,3,449.29,1.7,35.0,1324.96
876,grocery,7,345.17,28.8,52.0,1720.33
877,clothing,5,326.62,16.7,35.0,1360.37
878,grocery,5,394.89,18.5,65.0,1609.18
879,grocery,6,412.62,3.1,26.0,2398.97
880,furniture,8,262.64,22.1,68.0,1636.77
881,electronics,2,105.0,16.9,49.0,174.51
882,clothing,4,302.23,20.1,26.0,965.93
883,furniture,2,439.38,15.1,19.0,746.07
884,electronics,8,256.83,2.5,51.0,2003.27
885,grocery,1,492.86,6.9,69.0,458.85
886,clothing,4,75.64,6.1,58.0,284.1
887,furniture,7,250.19,23.5,58.0,1339.77
888,clothing,4,65.12,22.4,21.0,202.13
889,electronics,3,349.27,7.6,18.0,968.18
890,clothing,3,122.88,15.1,49.0,312.98
891,electronics,8,158.58,2.8,37.0,1233.12
892,electronics,6,369.56,13.3,63.0,1922.45
893,furniture,4,242.42,25.9,61.0,718.53
894,electronics,2,374.16,5.4,62.0,707.91
895,furniture,4,270.35,18.3,38.0,883.5
896,electronics,7,181.64,16.7,64.0,1059.14
897,clothing,6,347.37,20.3,65.0,1661.12
898,clothing,6,486.4,23.1,26.0,2244.25
899,grocery,3,409.02,4.7,53.0,1169.39
900,grocery,1,239.16,26.3,30.0,176.26
901,clothing,1,58.09,24.7,55.0,43.74
902,clothing,1,356.94,11.8,69.0,314.82
903,electronics,3,277.56,17.1,26.0,690.29
904,clothing,2,463.1,14.6,23.0,790.97
905,grocery,8,488.92,15.0,,3324.66
906,clothing,3,305.38,13.0,46.0,797.04
907,grocery,6,423.37,29.1,,1801.02
908,clothing,1,67.09,10.4,31.0,60.11
909,electronics,1,258.75,11.0,62.0,230.29
910,electronics,5,269.88,1.0,27.0,1335.91
911,furniture,9,74.37,1.4,39.0,659.96
912,furniture,1,357.86,5.9,66.0,336.75
913,clothing,7,127.57,24.3,53.0,675.99
914,clothing,7,51.43,13.0,66.0,313.21
915,grocery,8,353.34,18.7,19.0,2298.12
916,furniture,9,459.46,28.2,28.0,2969.03
917,clothing,3,221.08,10.1,57.0,596.25
918,clothing,6,122.41,2.9,39.0,713.16
919,clothing,9,255.48,13.6,21.0,1986.61
920,grocery,2,416.63,,63.0,760.77
921,furniture,9,14.19,26.8,47.0,93.48
922,clothing,9,243.3,22.4,67.0,1699.21
923,electronics,9,293.79,0.2,55.0,2638.82
924,electronics,7,301.68,4.7,67.0,2012.51
925,grocery,1,99.43,3.3,27.0,96.15
926,electronics,8,384.54,,40.0,2956.34
927,grocery,8,190.98,27.6,46.0,1106.16
928,electronics,5,441.8,22.2,18.0,1718.6
929,clothing,4,414.29,21.2,67.0,1305.84
930,furniture,9,204.09,23.8,45.0,1399.65
931,clothing,8,200.67,28.5,21.0,1147.83
932,clothing,6,170.38,14.6,29.0,873.03
933,electronics,7,300.22,25.9,50.0,1557.24
934,clothing,7,77.28,19.6,61.0,434.93
935,furniture,4,33.69,29.4,28.0,95.14
936,electronics,1,102.07,23.0,63.0,78.59
937,grocery,1,136.53,4.9,69.0,129.84
938,grocery,6,262.38,14.3,37.0,1349.16
939,furniture,4,495.48,17.7,23.0,1631.12
940,clothing,8,413.47,0.3,63.0,3297.84
941,electronics,6,210.44,20.7,47.0,1001.27
942,furniture,9,156.39,7.6,34.0,1300.54
943,grocery,9,85.7,20.8,,610.87
944,grocery,8,381.02,12.2,32.0,2676.28
945,grocery,3,236.49,2.9,55.0,688.9
946,grocery,9,370.47,18.1,32.0,2730.73
947,electronics,9,369.62,12.9,41.0,2897.45
948,furniture,7,365.87,29.1,48.0,1815.81
949,grocery,5,306.44,17.5,59.0,1264.06
950,electronics,6,222.15,2.7,40.0,1296.91
951,grocery,9,177.17,22.8,50.0,1230.98
952,electronics,6,23.13,5.6,26.0,131.01
953,clothing,5,411.32,6.1,40.0,1931.15
954,clothing,1,74.14,15.8,43.0,62.43
955,electronics,2,182.32,29.6,54.0,256.71
956,furniture,4,79.26,7.6,65.0,292.94
957,electronics,8,429.55,11.6,40.0,3037.78
958,electronics,7,12.38,8.4,24.0,79.38
959,clothing,8,17.79,7.1,57.0,132.22
960,electronics,9,243.57,6.9,40.0,2040.87
961,electronics,7,442.47,6.9,36.0,2883.58
962,electronics,6,385.53,1.1,28.0,2287.74
963,grocery,8,99.93,18.9,63.0,648.35
964,electronics,6,244.49,15.2,37.0,1243.97
965,electronics,8,96.95,0.2,26.0,774.05
966,electronics,9,127.7,25.5,55.0,856.23
967,clothing,9,350.03,18.2,57.0,2576.92
968,grocery,5,181.68,5.6,60.0,857.53
969,grocery,5,24.4,27.0,59.0,89.06
970,furniture,9,6.17,26.8,28.0,40.65
971,electronics,8,363.3,1.4,45.0,2865.71
972,clothing,1,248.58,13.7,55.0,214.52
973,clothing,5,382.61,22.4,22.0,1484.53
974,furniture,3,214.15,10.0,50.0,578.21
975,furniture,4,464.94,1.4,67.0,1833.72
976,grocery,9,138.26,23.3,41.0,954.41
977,clothing,3,60.57,13.8,61.0,156.63
978,grocery,6,427.71,28.1,29.0,1845.14
979,electronics,8,473.61,22.6,23.0,2932.59
980,grocery,1,465.63,8.7,69.0,425.12
981,electronics,2,309.9,7.3,45.0,574.55
982,furniture,9,15.07,4.8,48.0,129.12
983,grocery,9,223.3,8.7,52.0,1834.86
984,grocery,2,64.4,21.6,64.0,100.98
985,electronics,2,116.77,26.8,35.0,170.95
986,furniture,2,355.12,15.5,55.0,600.15
987,clothing,8,141.12,14.0,32.0,970.91
988,electronics,5,16.09,25.6,28.0,59.85
989,electronics,5,348.4,23.0,34.0,1341.34
990,grocery,2,189.1,,60.0,329.41
991,clothing,4,148.04,,47.0,562.55
992,clothing,4,271.89,1.9,55.0,1066.9
993,clothing,9,390.38,4.7,27.0,3348.29
994,clothing,7,58.02,16.9,23.0,337.5
995,grocery,2,96.29,3.6,58.0,185.65
996,grocery,1,8.38,0.8,55.0,8.31
997,clothing,7,13.88,21.4,35.0,76.37
998,clothing,7,299.35,17.1,47.0,1737.13
999,grocery,4,173.52,0.8,65.0,688.53
1000,grocery,1,43.84,23.0,52.0,33.76
1001,furniture,8,106.41,13.8,50.0,733.8
1002,grocery,1,173.71,8.6,67.0,158.77
1003,electronics,1,107.41,15.8,29.0,90.44
1004,clothing,2,415.96,13.2,,722.11
1005,clothing,7,264.54,4.2,53.0,1774.01
1006,clothing,7,56.99,16.0,38.0,335.1
1007,electronics,5,158.14,20.6,64.0,627.82
1008,grocery,9,254.33,3.5,50.0,2208.86
1009,electronics,1,427.74,10.7,41.0,381.97
1010,electronics,1,231.37,12.3,45.0,202.91
1011,electronics,9,119.34,2.4,35.0,1048.28
1012,electronics,4,126.59,25.5,57.0,377.24
1013,clothing,3,348.03,0.2,28.0,1042.0
1014,electronics,7,456.56,10.9,18.0,2847.56
1015,grocery,4,228.18,16.6,33.0,761.21
1016,electronics,7,495.06,28.8,67.0,2467.38
1017,furniture,3,476.5,24.8,56.0,1074.98
1018,electronics,1,368.36,20.9,24.0,291.37
1019,grocery,9,311.59,,20.0,2350.01
1020,grocery,3,231.47,14.7,38.0,592.33
1021,clothing,5,374.7,18.2,44.0,1532.52
1022,grocery,8,149.69,29.8,59.0,840.66
1023,clothing,9,140.01,23.7,28.0,961.45
1024,grocery,3,121.09,1.6,45.0,357.46
1025,clothing,9,59.45,18.3,32.0,437.14
1026,electronics,8,394.84,17.7,50.0,2599.63
1027,clothing,1,139.47,29.6,25.0,98.19
1028,electronics,3,339.47,,27.0,724.09
1029,grocery,5,275.1,22.9,29.0,1060.51
1030,furniture,8,472.81,11.9,29.0,3332.36
1031,grocery,2,410.05,23.4,47.0,628.2
1032,clothing,9,94.37,5.2,20.0,805.16
1033,clothing,3,394.13,20.2,62.0,943.55
1034,clothing,6,218.38,21.8,64.0,1024.64
1035,clothing,5,480.83,4.6,37.0,2293.56
1036,clothing,5,415.36,6.1,36.0,1950.12
1037,electronics,3,468.91,4.3,58.0,1346.24
1038,electronics,4,350.98,13.1,29.0,1220.01
1039,electronics,6,306.39,0.2,34.0,1834.66
1040,electronics,5,385.88,1.5,18.0,1900.46
1041,electronics,1,56.74,24.2,25.0,43.01
1042,grocery,8,395.28,14.5,46.0,2703.72
1043,furniture,9,453.24,20.2,68.0,3255.17
1044,grocery,1,435.34,7.8,69.0,401.38
1045,electronics,9,220.06,16.3,28.0,1657.71
1046,furniture,4,178.7,1.9,56.0,701.22
1047,furniture,3,270.89,26.2,48.0,599.75
1048,grocery,1,85.0,,52.0,66.04
1049,grocery,9,237.99,2.9,42.0,2079.79
1050,electronics,9,465.77,24.5,45.0,3164.91
1051,clothing,8,397.7,7.8,25.0,2933.44
1052,clothing,9,10.64,8.4,29.0,87.72
1053,clothing,6,249.24,13.2,23.0,1298.04
1054,electronics,4,88.72,7.6,62.0,327.91
1055,grocery,9,425.85,5.9,61.0,3606.52
1056,grocery,9,318.3,8.3,25.0,2626.93
1057,clothing,7,7252.06,21.9,,102.12
1058,electronics,4,146.07,7.3,69.0,541.63
1059,electronics,3,392.86,19.2,67.0,952.29
1060,clothing,8,350.01,12.6,42.0,2447.27
1061,clothing,1,347.03,20.5,18.0,275.89
1062,electronics,4,211.29,14.7,30.0,720.92
1063,grocery,5,388.76,5.1,29.0,1844.67
1064,electronics,8,58.74,20.6,20.0,373.12
1065,clothing,9,293.16,16.7,64.0,2197.82
1066,clothing,3,376.83,18.1,24.0,925.87
1067,electronics,2,321.07,26.9,49.0,469.4
1068,electronics,5,30.25,25.5,47.0,112.68
1069,electronics,4,113.27,20.7,66.0,359.29
1070,clothing,5,401.09,24.6,,1512.11
1071,grocery,6,391.32,25.6,21.0,1746.85
1072,furniture,8,453.39,12.2,64.0,3184.61
1073,clothing,4,48.69,13.3,51.0,168.86
1074,clothing,7,83.98,9.8,43.0,530.25
1075,furniture,6,18.1,,49.0,89.92
1076,electronics,5,168.58,22.8,45.0,650.72
1077,grocery,8,262.32,6.8,30.0,1955.86
1078,grocery,7,136.36,29.9,53.0,669.12
1079,electronics,2,160.1,26.9,34.0,234.07
1080,electronics,6,412.98,5.7,37.0,2336.64
1081,grocery,9,464.24,12.4,43.0,3660.07
1082,electronics,7,378.95,11.0,58.0,2360.86
1083,furniture,6,255.51,21.8,66.0,1198.85
1084,electronics,2,364.52,9.6,54.0,659.05
1085,clothing,4,39.73,1.5,38.0,156.54
1086,electronics,6,296.9,20.9,42.0,1409.09
1087,electronics,5,206.59,10.6,27.0,923.46
1088,furniture,8,5049.52,1.4,34.0,3512.61
1089,furniture,8,11.52,19.4,38.0,74.28
1090,electronics,6,344.64,18.3,63.0,1689.43
1091,electronics,5,205.31,26.5,55.0,754.51
1092,grocery,1,179.76,8.5,37.0,164.48
1093,clothing,4,437.62,26.0,31.0,1295.36
1094,electronics,6,427.05,,27.0,2549.49
1095,furniture,7,384.38,5.2,66.0,2550.75
1096,electronics,3,49.17,28.8,28.0,105.03
1097,furniture,8,47.08,10.6,33.0,336.72
1098,electronics,9,460.97,16.5,67.0,3464.19
1099,grocery,5,261.92,1.9,28.0,1284.72
1100,electronics,7,81.19,12.3,24.0,498.43
1101,grocery,3,371.94,21.7,44.0,873.69
1102,clothing,2,139.83,1.3,52.0,276.02
1103,electronics,5,70.66,19.9,57.0,282.99
1104,electronics,9,358.72,22.0,45.0,2518.21
1105,clothing,9,67.48,22.0,44.0,473.71
1106,electronics,2,193.2,13.8,19.0,333.08
1107,grocery,7,28.3,11.4,23.0,175.52
1108,clothing,6,119.03,17.7,64.0,587.77
1109,grocery,2,118.57,22.4,50.0,184.02
1110,clothing,9,37.05,24.5,34.0,251.75
1111,furniture,2,392.42,19.7,29.0,630.23
1112,electronics,8,383.73,23.6,21.0,2345.36
1113,clothing,4,298.3,21.9,67.0,931.89
1114,electronics,7,172.59,17.4,65.0,997.92
1115,clothing,7,13.47,28.0,26.0,67.89
1116,grocery,5,178.71,20.9,62.0,706.8
1117,electronics,3,133.66,10.9,57.0,357.27
1118,grocery,4,323.67,13.6,38.0,1118.6
1119,furniture,2,192.8,4.3,32.0,369.02
1120,clothing,5,92.24,17.4,33.0,380.95
1121,clothing,8,218.46,20.9,39.0,1382.41
1122,grocery,8,470.9,16.6,61.0,3141.84
1123,clothing,2,471.32,11.0,39.0,838.95
1124,clothing,9,62.15,14.9,23.0,476.01
1125,grocery,9,171.91,2.4,20.0,1510.06
1126,furniture,8,303.53,,25.0,2131.99
1127,electronics,9,456.74,4.6,48.0,3921.57
1128,furniture,5,51.71,12.3,56.0,226.75
1129,furniture,5,275.32,16.8,41.0,1145.33
1130,grocery,5,498.13,10.4,21.0,2231.62
1131,clothing,3,492.66,17.8,61.0,1214.9
1132,electronics,2,481.78,19.0,40.0,780.48
1133,grocery,3,249.19,11.3,44.0,663.09
1134,clothing,1,198.59,26.2,21.0,146.56
1135,electronics,6,325.05,3.6,36.0,1880.09
1136,grocery,3,169.1,1.6,43.0,499.18
1137,clothing,6,237.57,9.6,39.0,1288.58
1138,grocery,5,394.16,8.7,24.0,1799.34
1139,electronics,4,330.6,9.8,62.0,1192.8
1140,grocery,6,40.56,15.0,67.0,206.86
1141,clothing,4,312.37,22.7,32.0,965.85
1142,electronics,5,263.41,,39.0,1191.93
1143,electronics,9,22.12,21.3,37.0,156.68
1144,furniture,5,21.3,9.4,63.0,96.49
1145,clothing,7,329.18,4.9,30.0,2191.35
1146,clothing,2,419.91,23.6,37.0,641.62
1147,clothing,4,89.71,22.1,55.0,279.54
1148,furniture,2,49.63,10.9,39.0,88.44
1149,clothing,7,192.24,24.2,62.0,1020.03
1150,clothing,2,485.61,16.8,64.0,808.06
1151,clothing,4,99.1,0.5,20.0,394.42
1152,clothing,2,496.04,17.8,55.0,815.49
1153,grocery,3,304.94,0.1,46.0,913.91
1154,electronics,3,120.36,5.5,63.0,341.22
1155,grocery,9,90.78,5.7,51.0,770.45
1156,clothing,9,330.43,9.1,24.0,2703.25
1157,clothing,9,92.03,4.4,53.0,791.83
1158,clothing,2,235.28,21.0,31.0,371.74
1159,electronics,7,316.03,4.7,56.0,2108.24
1160,furniture,6,56.89,7.2,42.0,316.76
1161,electronics,1,199.16,3.9,27.0,191.39
1162,clothing,9,367.6,9.7,32.0,2987.49
1163,furniture,4,108.58,0.5,40.0,432.15
1164,electronics,2,91.42,21.2,57.0,144.08
1165,electronics,4,251.27,20.2,36.0,802.05
1166,grocery,7,163.12,14.6,18.0,975.13
1167,furniture,3,383.93,20.7,33.0,913.37
1168,electronics,3,365.66,1.9,63.0,1076.14
1169,electronics,3,309.72,23.2,26.0,713.59
1170,clothing,3,362.24,4.5,39.0,1037.82
1171,furniture,8,202.8,18.7,36.0,1319.01
1172,electronics,5,268.86,6.4,41.0,1258.26
1173,grocery,9,397.59,5.3,33.0,3388.66
1174,clothing,9,56.52,21.2,56.0,400.84
1175,furniture,2,307.69,,29.0,448.61
1176,electronics,4,13.15,13.9,39.0,45.29
1177,electronics,1,307.82,3.6,52.0,296.74
1178,grocery,6,225.82,22.5,27.0,1050.06
1179,furniture,4,227.25,3.2,22.0,879.91
1180,clothing,1,450.61,5.0,31.0,428.08
1181,electronics,5,174.24,19.8,55.0,698.7
1182,grocery,2,491.13,25.6,57.0,730.8
1183,electronics,6,53.38,,24.0,238.61
1184,furniture,3,326.26,21.4,25.0,769.32
1185,electronics,7,16.31,4.8,19.0,108.69
1186,grocery,2,489.2,,47.0,793.48
1187,electronics,4,289.47,27.6,22.0,838.31
1188,electronics,4,463.98,29.0,53.0,1317.7
1189,clothing,9,391.29,28.2,30.0,2528.52
1190,clothing,6,52.36,18.7,67.0,255.41
1191,furniture,4,412.09,27.0,69.0,1203.3
1192,grocery,4,456.19,17.3,21.0,1509.08
1193,clothing,5,483.12,14.8,31.0,2058.09
1194,clothing,5,452.11,14.2,55.0,1939.55
1195,grocery,7,95.52,19.7,58.0,536.92
1196,electronics,9,449.91,,57.0,3150.27
1197,clothing,4,398.34,18.9,49.0,1292.21
1198,electronics,5,155.81,12.5,33.0,681.67
1199,grocery,1,297.96,12.7,65.0,260.12
1200,clothing,6,149.49,21.6,20.0,703.2
1201,grocery,8,194.29,16.5,46.0,1297.86
1202,clothing,6,336.25,1.0,32.0,1997.32
1203,clothing,7,478.28,1.1,23.0,3311.13
1204,electronics,9,444.82,23.2,21.0,3074.6
1205,electronics,6,6085.66,19.6,48.0,546.8
1206,clothing,8,233.6,2.9,36.0,1814.6
1207,electronics,7,5.09,,46.0,34.95
1208,furniture,4,418.73,,63.0,1433.73
1209,grocery,3,244.98,7.9,68.0,676.88
1210,clothing,1,429.87,17.4,56.0,355.07
1211,furniture,5,338.52,13.6,22.0,1462.41
1212,clothing,5,428.65,10.2,44.0,1924.64
1213,clothing,2,187.31,2.2,57.0,366.38
1214,electronics,6,485.88,20.3,52.0,2323.48
1215,furniture,7,261.49,11.0,60.0,1629.08
1216,clothing,8,392.19,18.0,65.0,2572.77
1217,clothing,9,124.58,10.3,63.0,1005.73
1218,electronics,9,46.9,1.2,31.0,417.03
1219,grocery,4,162.96,12.1,49.0,572.97
1220,electronics,4,339.53,29.3,44.0,960.19
1221,grocery,6,104.15,6.5,44.0,584.28
1222,clothing,4,433.6,4.9,25.0,1649.41
1223,grocery,8,318.47,15.5,,2152.86
1224,grocery,2,277.54,11.5,49.0,491.25
1225,clothing,7,183.31,22.1,56.0,999.59
1226,electronics,8,253.04,9.3,58.0,1836.06
1227,electronics,9,50.23,13.9,46.0,389.23
1228,electronics,1,242.68,0.5,37.0,241.47
1229,clothing,5,182.35,7.8,35.0,840.63
1230,electronics,6,170.37,4.4,42.0,977.24
1231,clothing,4,357.88,10.1,68.0,1286.94
1232,clothing,3,174.68,15.8,28.0,441.24
1233,electronics,4,367.09,3.1,60.0,1422.84
1234,clothing,3,436.2,9.4,,1185.59
1235,electronics,8,474.6,15.5,31.0,3208.3
1236,grocery,4,258.17,14.0,30.0,888.1
1237,electronics,5,194.76,8.6,51.0,890.05
1238,clothing,2,68.75,8.2,20.0,126.22
1239,electronics,2,478.79,,39.0,786.17
1240,clothing,9,5.83,2.0,36.0,51.42
1241,furniture,4,198.34,3.6,25.0,764.8
1242,grocery,9,327.79,,22.0,2923.56
1243,electronics,4,106.44,24.3,42.0,322.3
1244,electronics,8,253.71,27.6,56.0,1469.49
1245,electronics,8,292.15,16.8,42.0,1944.55
1246,furniture,9,47.14,17.5,47.0,350.01
1247,clothing,4,60.69,13.6,21.0,209.74
1248,grocery,1,423.49,3.2,54.0,409.94
1249,grocery,4,419.03,5.5,67.0,1583.93
1250,furniture,6,430.21,18.1,35.0,2114.05
1251,electronics,1,365.77,28.9,22.0,260.06
1252,furniture,2,138.91,14.0,69.0,238.93
1253,furniture,2,106.51,6.5,23.0,199.17
1254,grocery,6,294.3,15.0,38.0,1500.93
1255,electronics,3,33.45,10.4,66.0,89.91
1256,grocery,8,481.89,7.9,33.0,3550.57
1257,grocery,2,253.38,2.1,55.0,496.12
1258,clothing,1,490.23,1.0,38.0,485.33
1259,clothing,6,66.87,27.8,39.0,289.68
1260,clothing,4,20.07,3.4,,77.55
1261,electronics,1,227.48,25.1,18.0,170.38
1262,furniture,2,455.57,6.6,28.0,851.0
1263,furniture,7,292.39,,36.0,1487.97
1264,furniture,4,424.51,5.0,63.0,1613.14
1265,electronics,8,116.22,3.3,38.0,899.08
1266,furniture,4,31.66,5.4,58.0,119.8
1267,grocery,2,138.84,,33.0,227.42
1268,clothing,7,302.85,22.6,66.0,1640.84
1269,grocery,8,17.34,12.0,27.0,122.07
1270,clothing,8,151.39,28.2,62.0,869.58
1271,grocery,9,78.36,11.4,66.0,624.84
1272,electronics,4,196.67,6.9,59.0,732.4
1273,electronics,8,146.47,23.0,,902.26
1274,electronics,1,443.91,4.8,27.0,422.6
1275,furniture,3,443.63,9.0,48.0,1211.11
1276,electronics,2,173.35,20.1,20.0,277.01
1277,grocery,2,232.1,4.5,27.0,443.31
1278,clothing,5,123.44,29.5,47.0,435.13
1279,furniture,8,480.35,14.8,21.0,3274.07
1280,clothing,7,181.94,14.3,58.0,1091.46
1281,grocery,5,261.85,15.2,42.0,1110.24
1282,clothing,1,388.44,14.3,23.0,332.89
1283,clothing,8,151.38,,20.0,1028.17
1284,electronics,7,78.27,29.7,21.0,385.17
1285,electronics,4,120.72,8.9,45.0,439.9
1286,electronics,4,458.53,29.1,46.0,1300.39
1287,grocery,7,413.68,20.5,31.0,2302.13
1288,clothing,4,431.09,26.8,50.0,1262.23
1289,furniture,7,342.89,27.7,31.0,1735.37
1290,grocery,4,315.7,21.7,49.0,988.77
1291,furniture,8,262.81,17.0,63.0,1745.06
1292,clothing,1,462.96,16.6,60.0,386.11
1293,grocery,2,75.96,16.1,22.0,127.46
1294,electronics,5,83.66,25.2,37.0,312.89
1295,grocery,9,456.55,0.1,,4104.84
1296,grocery,9,37.51,8.9,22.0,307.54
1297,clothing,9,213.05,28.4,47.0,1372.89
1298,electronics,4,199.37,16.4,55.0,666.69
1299,grocery,7,338.81,0.8,48.0,2352.7
1300,electronics,8,396.28,5.5,20.0,2995.88
1301,clothing,2,416.77,29.6,61.0,586.81
1302,clothing,7,418.78,12.6,50.0,2562.1
1303,grocery,9,472.76,1.7,68.0,4182.51
1304,grocery,3,335.57,5.9,55.0,947.31
1305,grocery,4,361.63,15.5,45.0,1222.31
1306,electronics,9,442.11,23.6,48.0,3039.95
1307,grocery,7,64.73,6.8,18.0,422.3
1308,grocery,4,174.91,21.2,66.0,551.32
1309,electronics,9,483.53,26.6,44.0,3194.2
1310,clothing,7,175.71,8.5,42.0,1125.42
1311,grocery,8,220.16,28.1,21.0,1266.36
1312,electronics,8,326.04,15.8,32.0,2196.21
1313,clothing,5,32.26,24.3,52.0,122.1
1314,furniture,3,86.69,0.1,66.0,259.81
1315,grocery,2,121.74,6.8,54.0,226.92
1316,electronics,1,231.19,19.0,21.0,187.26
1317,grocery,7,199.75,2.0,58.0,1370.28
1318,clothing,4,316.2,22.0,46.0,986.54
1319,furniture,1,244.17,17.3,33.0,201.93
1320,grocery,7,397.33,13.0,37.0,2419.74
1321,clothing,2,172.84,12.5,61.0,302.47
1322,electronics,5,472.55,27.3,19.0,1717.72
1323,clothing,2,319.48,20.7,62.0,506.7
1324,electronics,4,12.0,29.2,47.0,33.98
1325,electronics,1,50.46,26.1,66.0,37.29
1326,electronics,8,52.82,28.9,41.0,300.44
1327,clothing,8,422.41,26.8,29.0,2473.63
1328,furniture,7,23.87,11.3,24.0,148.21
1329,furniture,4,93.29,12.8,54.0,325.4
1330,furniture,2,271.63,20.6,45.0,431.35
1331,electronics,2,66.88,29.8,66.0,93.9
1332,clothing,3,275.02,20.3,61.0,657.57
1333,electronics,8,31.04,18.1,59.0,203.37
1334,electronics,1,268.93,28.4,57.0,192.55
1335,grocery,9,125.09,8.6,53.0,1028.99
1336,electronics,9,180.33,13.3,42.0,1407.11
1337,clothing,1,366.19,12.4,47.0,320.78
1338,grocery,3,303.35,12.7,41.0,794.47
1339,grocery,5,344.73,0.8,41.0,1709.86
1340,electronics,9,7.6,29.9,25.0,47.95
1341,electronics,1,222.2,11.6,23.0,196.42
1342,grocery,3,116.37,6.3,59.0,327.12
1343,grocery,3,322.77,14.0,18.0,832.75
1344,grocery,3,77.66,6.7,47.0,217.37
1345,grocery,8,113.37,5.6,48.0,856.17
1346,grocery,7,87.51,4.5,62.0,585.0
1347,grocery,4,102.25,5.3,50.0,387.32
1348,furniture,1,437.54,26.7,33.0,320.72
1349,clothing,8,331.14,11.7,,2339.17
1350,clothing,8,60.61,14.8,24.0,413.12
1351,clothing,4,71.21,23.5,59.0,217.9
1352,grocery,6,187.75,27.7,27.0,814.46
1353,furniture,8,41.22,3.8,25.0,317.23
1354,grocery,3,471.36,21.1,44.0,1115.71
1355,electronics,2,362.87,4.3,26.0,694.53
1356,grocery,4,479.23,25.9,25.0,1420.44
1357,clothing,3,190.87,24.1,39.0,434.61
1358,clothing,8,32.46,21.6,24.0,203.59
1359,grocery,2,192.9,11.6,51.0,341.05
1360,clothing,2,114.86,8.8,64.0,209.5
1361,electronics,2,390.85,8.0,50.0,719.16
1362,clothing,3,497.19,16.0,65.0,1252.92
1363,electronics,9,278.12,15.9,34.0,2105.09
1364,furniture,9,81.36,1.0,48.0,724.92
1365,clothing,4,445.11,29.0,60.0,1264.11
1366,clothing,6,144.73,20.6,26.0,689.49
1367,furniture,5,177.01,,20.0,681.49
1368,clothing,2,197.73,21.2,,311.62
1369,furniture,8,166.68,13.7,24.0,1150.76
1370,clothing,8,54.56,1.3,63.0,430.81
1371,grocery,6,37.93,20.7,58.0,180.47
1372,clothing,5,115.73,10.1,57.0,520.21
1373,grocery,3,239.07,14.4,30.0,613.93
1374,grocery,1,443.6,19.8,,355.77
1375,clothing,3,6995.6,1.2,18.0,1112.36
1376,electronics,6,93.93,29.4,51.0,397.89
1377,furniture,8,228.88,20.1,25.0,1463.0
1378,furniture,9,479.02,20.3,19.0,3436.01
1379,clothing,5,411.0,0.5,22.0,2044.72
1380,grocery,4,455.77,20.5,61.0,1449.35
1381,clothing,8,127.9,2.0,64.0,1002.74
1382,furniture,5,422.22,18.2,62.0,1726.88
1383,clothing,5,78.94,13.2,37.0,342.6
1384,clothing,6,97.37,,39.0,479.64
1385,furniture,1,56.72,21.2,35.0,44.7
1386,furniture,5,125.62,26.8,29.0,459.77
1387,furniture,5,278.28,25.8,53.0,1032.42
1388,electronics,7,430.24,3.5,23.0,2906.27
1389,electronics,4,309.63,15.8,59.0,1042.83
1390,furniture,8,157.06,28.9,52.0,893.36
1391,furniture,8,26.17,7.1,62.0,194.5
1392,electronics,8,436.99,10.7,20.0,3121.86
1393,grocery,9,234.21,9.2,38.0,1913.96
1394,clothing,9,135.03,23.8,22.0,926.04
1395,grocery,2,128.05,17.0,57.0,212.56
1396,clothing,8,411.68,17.5,22.0,2717.09
1397,electronics,5,322.5,29.9,58.0,1130.36
1398,grocery,6,23.13,4.5,69.0,132.53
1399,clothing,5,6445.25,6.2,50.0,2145.67
1400,grocery,8,19.77,8.5,42.0,144.72
1401,furniture,8,194.57,29.0,52.0,1105.16
1402,grocery,7,259.66,21.0,18.0,1435.92
1403,electronics,6,136.99,12.8,68.0,716.73
1404,furniture,5,446.37,7.4,41.0,2066.69
1405,electronics,4,32.32,29.9,18.0,90.63
1406,electronics,8,493.42,6.8,29.0,3678.94
1407,furniture,1,285.8,15.6,24.0,241.22
1408,furniture,2,43.56,18.5,63.0,71.0
1409,furniture,7,396.63,,24.0,2526.53
1410,electronics,9,281.22,21.4,56.0,1989.35
1411,grocery,7,457.84,4.4,36.0,3063.87
1412,electronics,3,206.0,6.9,61.0,575.36
1413,electronics,1,118.21,19.1,63.0,95.63
1414,grocery,7,9.22,10.2,22.0,57.96
1415,electronics,8,211.38,12.8,30.0,1474.59
1416,clothing,2,479.79,15.6,57.0,809.89
1417,grocery,2,452.89,0.6,18.0,900.35
1418,furniture,9,371.86,20.7,19.0,2653.96
1419,electronics,9,450.44,21.4,25.0,3186.41
1420,electronics,2,354.85,26.8,44.0,519.5
1421,electronics,7,223.96,4.7,68.0,1494.04
1422,furniture,5,313.93,2.3,37.0,1533.55
1423,electronics,7,130.51,11.0,61.0,813.08
1424,electronics,4,239.8,20.6,,761.6
1425,clothing,6,22.54,1.1,23.0,133.75
1426,grocery,9,147.85,15.7,29.0,1121.74
1427,clothing,6,337.75,6.6,59.0,1892.75
1428,clothing,2,106.21,6.3,27.0,199.04
1429,electronics,5,488.71,16.6,49.0,2037.92
1430,grocery,5,109.82,0.8,46.0,544.71
1431,electronics,5,328.19,7.5,42.0,1517.88
1432,clothing,2,442.18,21.1,68.0,697.76
1433,electronics,7,322.76,17.1,20.0,1872.98
1434,clothing,9,345.94,27.9,66.0,2244.8
1435,clothing,8,406.23,1.1,47.0,3214.09
1436,furniture,5,467.28,3.7,27.0,2249.95
1437,grocery,2,15.9,12.6,40.0,27.79
1438,grocery,5,99.75,19.2,59.0,402.99
1439,grocery,8,302.14,16.9,64.0,2008.63
1440,electronics,8,464.91,14.2,27.0,3191.14
1441,grocery,2,167.98,29.4,26.0,237.19
1442,electronics,5,38.93,23.5,39.0,148.91
1443,grocery,4,85.12,0.1,52.0,340.14
1444,electronics,7,14.35,5.8,44.0,94.62
1445,electronics,9,56.68,13.1,42.0,443.29
1446,electronics,2,375.07,12.6,20.0,655.62
1447,grocery,9,71.98,0.2,57.0,646.52
1448,furniture,7,299.89,25.2,51.0,1570.22
1449,clothing,7,445.75,14.1,45.0,2680.29
1450,electronics,5,385.35,16.0,21.0,1618.47
1451,clothing,3,431.96,2.5,32.0,1263.48
1452,grocery,7,262.7,19.6,25.0,1478.48
1453,furniture,2,378.46,25.1,58.0,566.93
1454,furniture,9,381.79,10.0,67.0,3092.5
1455,furniture,8,251.76,5.2,24.0,1909.35
1456,clothing,1,73.57,27.5,56.0,53.34
1457,grocery,1,453.39,9.7,54.0,409.41
1458,clothing,4,47.32,19.4,54.0,152.56
1459,grocery,3,50.3,18.0,59.0,123.74
1460,grocery,8,151.19,27.0,20.0,882.95
1461,grocery,8,220.48,0.8,42.0,1749.73
1462,grocery,9,196.71,25.5,57.0,1318.94
1463,grocery,8,473.42,10.0,60.0,3408.62
1464,grocery,6,444.53,8.8,43.0,2432.47
1465,furniture,6,227.77,20.5,56.0,1086.46
1466,electronics,1,335.91,20.5,41.0,267.05
1467,clothing,9,485.47,,57.0,3132.74
1468,clothing,3,386.06,26.5,68.0,851.26
1469,electronics,2,397.35,22.8,66.0,613.51
1470,grocery,4,387.66,27.3,29.0,1127.32
1471,furniture,8,334.76,19.0,46.0,2169.24
1472,grocery,7,430.0,27.6,49.0,2179.24
1473,grocery,5,290.97,2.1,61.0,1424.3
1474,grocery,5,100.87,9.5,45.0,456.44
1475,electronics,5,427.87,11.0,47.0,1904.02
1476,grocery,4,177.11,17.0,32.0,588.01
1477,electronics,2,119.26,15.2,66.0,202.26
1478,clothing,8,262.41,19.8,,1683.62
1479,electronics,9,117.45,27.7,69.0,764.25
1480,grocery,3,165.05,8.8,48.0,451.58
1481,grocery,8,456.02,25.0,27.0,2736.12
1482,clothing,6,333.88,28.6,30.0,1430.34
1483,electronics,1,175.77,22.0,45.0,137.1
1484,grocery,4,237.31,0.8,41.0,941.65
1485,grocery,3,189.88,17.0,51.0,472.8
1486,electronics,2,452.78,23.5,,692.75
1487,clothing,2,329.19,1.2,37.0,650.48
1488,furniture,2,48.64,7.5,31.0,89.98
1489,grocery,8,435.59,27.0,30.0,2543.85
1490,grocery,2,149.26,,48.0,239.41
1491,clothing,1,479.12,0.7,63.0,475.77
1492,grocery,8,180.19,,46.0,1124.39
1493,clothing,6,258.52,5.3,55.0,1468.91
1494,clothing,5,480.58,29.6,27.0,1691.64
1495,clothing,5,50.35,3.9,25.0,241.93
1496,grocery,9,464.54,14.2,40.0,3587.18
1497,clothing,7,125.19,,64.0,690.55
1498,furniture,6,180.57,28.0,18.0,780.06
1499,clothing,7,172.65,18.8,39.0,981.34
1500,clothing,5,175.62,3.2,32.0,850.0
770,clothing,1,23.13,9.1,31.0,21.03
503,grocery,3,466.07,18.9,27.0,1133.95
705,electronics,6,142.37,23.5,32.0,653.48
275,clothing,2,40.98,6.8,35.0,76.39
146,grocery,4,210.75,22.2,24.0,655.85
326,grocery,5,437.67,3.7,32.0,2107.38
777,clothing,8,421.9,15.6,39.0,2848.67
822,clothing,4,449.69,23.8,26.0,1370.66
740,furniture,5,190.45,10.0,49.0,857.02
473,electronics,2,355.99,0.6,68.0,707.71
643,furniture,2,85.21,8.9,40.0,155.25
375,furniture,4,381.17,7.1,45.0,1416.43
816,furniture,8,301.05,29.7,59.0,1693.11
1464,grocery,6,444.53,8.8,43.0,2432.47
545,clothing,5,455.69,4.1,30.0,2185.03
324,grocery,2,384.22,13.7,35.0,663.16
1180,clothing,1,450.61,5.0,31.0,428.08
355,electronics,3,228.39,13.9,54.0,589.93
1094,electronics,6,427.05,,27.0,2549.49
938,grocery,6,262.38,14.3,37.0,1349.16
698,furniture,7,363.47,4.6,52.0,2427.25
591,furniture,5,90.17,21.9,56.0,352.11
683,clothing,1,427.76,18.7,40.0,347.77
433,electronics,3,193.2,9.8,24.0,522.8
1134,clothing,1,198.59,26.2,21.0,146.56
